{
  "audio_file": "C:/Users/HUY/Downloads/ĐẮC THẾ VONG HÌNH - VCC G Rose x Ba Giéo x Dirp AT  ANH TRAI MÂM HAI - nƠi tÌnH yÊu bỐc đẦu (mp3cut.net).mp3",
  "timestamp": "2025-11-03T11:08:37.460582",
  "detected_region": "South",
  "region_confidence": 41.0,
  "features": {
    "pitch_mean": 185.17673855757045,
    "pitch_std": 63.80215716715173,
    "spectral_centroid_mean": 1542.8190539510101,
    "spectral_centroid_std": 735.8531128262969,
    "mfcc_1_mean": -232.25611877441406,
    "mfcc_2_mean": 121.74102020263672,
    "mfcc_3_mean": 27.42328453063965,
    "mfcc_4_mean": 22.637653350830078,
    "mfcc_5_mean": -4.327398300170898,
    "zcr_mean": 0.05291177624853972,
    "rms_mean": 0.09056536853313446,
    "tempo": 66.25600961538461,
    "duration": 19.860997732426306,
    "loudness": -22.71421241760254,
    "spectral_bandwidth_mean": 2176.9699457295355,
    "spectral_flatness_mean": 0.003644663142040372,
    "hnr": 19.979158401489258
  }
}