{
  "audio_file": "C:/Users/HUY/Downloads/Tinh hoa Miền Tây.mp3",
  "timestamp": "2025-10-28T03:00:41.887827",
  "detected_region": "South",
  "region_confidence": 50.0,
  "features": {
    "pitch_mean": 215.92236552471184,
    "pitch_std": 323.88855159773976,
    "spectral_centroid_mean": 1706.2947827278197,
    "spectral_centroid_std": 818.5640488337644,
    "mfcc_1_mean": -256.53875732421875,
    "mfcc_2_mean": 115.55261993408203,
    "mfcc_3_mean": -3.0503129959106445,
    "mfcc_4_mean": 18.695430755615234,
    "mfcc_5_mean": 6.00386905670166,
    "zcr_mean": 0.07749850456786543,
    "rms_mean": 0.0674150288105011,
    "tempo": 135.99917763157896,
    "duration": 20.0,
    "loudness": -25.486003584620697,
    "spectral_bandwidth_mean": 1972.9620793017907,
    "spectral_flatness_mean": 0.008399312384426594,
    "hnr": 7.372702598571777
  }
}